{
	"version":                   1,
	"friendly_name":             "Sony PS3EYE Camera",
	"usb_product_id":            8192,
	"usb_vendor_id":             5141,
	"supported_modes":[
		{
			"mode_name":                 "640x480(60FPS)",
			"is_frame_mirrored":         false,
			"is_buffer_mirrored":        false,
			"frame_rate":                60.0,
			"frame_width":               640,
			"frame_height":              480,
			"buffer_format":             "BEYER",
			"intrinsics_type":           "mono",
			"hfov":                      60.0,
			"vfov":                      45.0,
			"zNear":                     10.0,
			"zFar":                      200.0,
			"camera_matrix":             [ 604.1783809256024, 0.0, 320.0, 0.0, 604.1783809256024, 240.0, 0.0, 0.0, 1.0 ],
			"distortion.k1":             0.015861621530855057,
			"distortion.k2":             0.09840206266336657,
			"distortion.k3":             0.0,
			"distortion.k4":             0.0,
			"distortion.k5":             0.0,
			"distortion.k6":             0.4512905272272733,
			"distortion.p1":             0.0,
			"distortion.p2":             0.0
		}
	]
}
